,X,Y,DC,# of Radars,Longitude,Latitude
0,297,204,370.0,2.0,109.0,34.5
1,351,544,370.0,2.0,108.0,39.5
2,297,204,369.0,2.0,109.0,34.5
3,351,544,369.0,2.0,108.0,39.5
4,297,204,368.0,2.0,109.0,34.5
5,351,544,368.0,2.0,108.0,39.5
6,297,204,367.0,2.0,109.0,34.5
7,351,544,367.0,2.0,108.0,39.5
8,297,204,366.0,2.0,109.0,34.5
9,351,544,366.0,2.0,108.0,39.5
10,297,170,365.0,3.0,109.0,34.0
11,351,578,365.0,3.0,108.0,40.0
12,378,306,365.0,3.0,107.5,36.0
13,297,170,364.0,3.0,109.0,34.0
14,351,578,364.0,3.0,108.0,40.0
15,378,306,364.0,3.0,107.5,36.0
16,297,170,363.0,3.0,109.0,34.0
17,351,578,363.0,3.0,108.0,40.0
18,378,306,363.0,3.0,107.5,36.0
19,297,170,362.0,3.0,109.0,34.0
20,351,578,362.0,3.0,108.0,40.0
21,378,306,362.0,3.0,107.5,36.0
22,297,170,361.0,3.0,109.0,34.0
23,351,578,361.0,3.0,108.0,40.0
24,378,306,361.0,3.0,107.5,36.0
25,297,170,360.0,3.0,109.0,34.0
26,351,578,360.0,3.0,108.0,40.0
27,378,306,360.0,3.0,107.5,36.0
28,351,306,359.0,3.0,108.0,36.0
29,297,170,359.0,3.0,109.0,34.0
30,351,578,359.0,3.0,108.0,40.0
31,351,306,358.0,3.0,108.0,36.0
32,297,170,358.0,3.0,109.0,34.0
33,351,578,358.0,3.0,108.0,40.0
34,351,306,357.0,3.0,108.0,36.0
35,297,170,357.0,3.0,109.0,34.0
36,351,578,357.0,3.0,108.0,40.0
37,351,306,356.0,3.0,108.0,36.0
38,297,170,356.0,3.0,109.0,34.0
39,351,578,356.0,3.0,108.0,40.0
40,351,306,355.0,3.0,108.0,36.0
41,297,170,355.0,3.0,109.0,34.0
42,351,578,355.0,3.0,108.0,40.0
43,351,306,354.0,3.0,108.0,36.0
44,297,170,354.0,3.0,109.0,34.0
45,351,578,354.0,3.0,108.0,40.0
46,351,306,353.0,3.0,108.0,36.0
47,297,170,353.0,3.0,109.0,34.0
48,351,578,353.0,3.0,108.0,40.0
49,351,306,352.0,3.0,108.0,36.0
50,297,170,352.0,3.0,109.0,34.0
51,351,578,352.0,3.0,108.0,40.0
52,297,136,351.0,3.0,109.0,33.5
53,108,374,351.0,3.0,112.5,37.0
54,378,476,351.0,3.0,107.5,38.5
55,297,136,350.0,3.0,109.0,33.5
56,108,374,350.0,3.0,112.5,37.0
57,378,476,350.0,3.0,107.5,38.5
58,405,510,349.0,3.0,107.0,39.0
59,297,136,349.0,3.0,109.0,33.5
60,243,476,349.0,3.0,110.0,38.5
61,405,510,348.0,3.0,107.0,39.0
62,297,136,348.0,3.0,109.0,33.5
63,243,476,348.0,3.0,110.0,38.5
64,405,510,347.0,3.0,107.0,39.0
65,297,136,347.0,3.0,109.0,33.5
66,243,476,347.0,3.0,110.0,38.5
67,405,510,346.0,3.0,107.0,39.0
68,297,136,346.0,3.0,109.0,33.5
69,243,476,346.0,3.0,110.0,38.5
70,405,510,345.0,3.0,107.0,39.0
71,297,136,345.0,3.0,109.0,33.5
72,243,476,345.0,3.0,110.0,38.5
73,405,510,344.0,3.0,107.0,39.0
74,297,136,344.0,3.0,109.0,33.5
75,243,476,344.0,3.0,110.0,38.5
76,405,510,343.0,3.0,107.0,39.0
77,297,136,343.0,3.0,109.0,33.5
78,243,476,343.0,3.0,110.0,38.5
79,189,442,342.0,3.0,111.0,38.0
80,540,340,342.0,3.0,104.5,36.5
81,297,136,342.0,3.0,109.0,33.5
82,270,238,341.0,3.0,109.5,35.0
83,540,340,341.0,3.0,104.5,36.5
84,162,408,341.0,3.0,111.5,37.5
85,135,442,340.0,3.0,112.0,38.0
86,540,340,340.0,3.0,104.5,36.5
87,324,170,340.0,3.0,108.5,34.0
88,189,442,339.0,3.0,111.0,38.0
89,540,340,339.0,3.0,104.5,36.5
90,216,272,339.0,3.0,110.5,35.5
91,189,442,338.0,3.0,111.0,38.0
92,540,340,338.0,3.0,104.5,36.5
93,216,272,338.0,3.0,110.5,35.5
94,189,442,337.0,3.0,111.0,38.0
95,540,340,337.0,3.0,104.5,36.5
96,216,272,337.0,3.0,110.5,35.5
97,189,442,336.0,3.0,111.0,38.0
98,540,340,336.0,3.0,104.5,36.5
99,216,272,336.0,3.0,110.5,35.5
100,189,442,335.0,3.0,111.0,38.0
101,540,340,335.0,3.0,104.5,36.5
102,216,272,335.0,3.0,110.5,35.5
103,216,476,334.0,3.0,110.5,38.5
104,567,340,334.0,3.0,104.0,36.5
105,324,136,334.0,3.0,108.5,33.5
106,216,476,333.0,3.0,110.5,38.5
107,567,340,333.0,3.0,104.0,36.5
108,324,136,333.0,3.0,108.5,33.5
109,216,476,332.0,3.0,110.5,38.5
110,567,340,332.0,3.0,104.0,36.5
111,324,136,332.0,3.0,108.5,33.5
112,540,408,331.0,3.0,104.5,37.5
113,216,476,331.0,3.0,110.5,38.5
114,297,68,331.0,3.0,109.0,32.5
115,540,408,330.0,3.0,104.5,37.5
116,216,476,330.0,3.0,110.5,38.5
117,297,68,330.0,3.0,109.0,32.5
118,540,408,329.0,3.0,104.5,37.5
119,216,476,329.0,3.0,110.5,38.5
120,297,68,329.0,3.0,109.0,32.5
121,540,408,328.0,3.0,104.5,37.5
122,216,476,328.0,3.0,110.5,38.5
123,297,68,328.0,3.0,109.0,32.5
124,540,408,327.0,3.0,104.5,37.5
125,216,476,327.0,3.0,110.5,38.5
126,297,68,327.0,3.0,109.0,32.5
127,216,476,326.0,3.0,110.5,38.5
128,297,68,326.0,3.0,109.0,32.5
129,513,374,326.0,3.0,105.0,37.0
130,297,34,325.0,3.0,109.0,32.0
131,162,442,325.0,3.0,111.5,38.0
132,513,374,325.0,3.0,105.0,37.0
133,594,340,324.0,3.0,103.5,36.5
134,216,476,324.0,3.0,110.5,38.5
135,297,68,324.0,3.0,109.0,32.5
136,594,340,323.0,3.0,103.5,36.5
137,216,476,323.0,3.0,110.5,38.5
138,243,238,323.0,3.0,110.0,35.0
139,594,340,322.0,3.0,103.5,36.5
140,216,476,322.0,3.0,110.5,38.5
141,243,238,322.0,3.0,110.0,35.0
142,594,340,321.0,3.0,103.5,36.5
143,270,238,321.0,3.0,109.5,35.0
144,243,510,321.0,3.0,110.0,39.0
145,594,340,320.0,3.0,103.5,36.5
146,270,238,320.0,3.0,109.5,35.0
147,243,510,320.0,3.0,110.0,39.0
148,594,340,319.0,3.0,103.5,36.5
149,270,204,319.0,3.0,109.5,34.5
150,243,510,319.0,3.0,110.0,39.0
151,594,340,318.0,3.0,103.5,36.5
152,270,204,318.0,3.0,109.5,34.5
153,243,510,318.0,3.0,110.0,39.0
154,594,340,317.0,3.0,103.5,36.5
155,270,204,317.0,3.0,109.5,34.5
156,243,510,317.0,3.0,110.0,39.0
157,270,170,316.0,3.0,109.5,34.0
158,270,544,316.0,3.0,109.5,39.5
159,621,340,316.0,3.0,103.0,36.5
160,270,170,315.0,3.0,109.5,34.0
161,270,544,315.0,3.0,109.5,39.5
162,621,340,315.0,3.0,103.0,36.5
163,270,170,314.0,3.0,109.5,34.0
164,270,544,314.0,3.0,109.5,39.5
165,621,340,314.0,3.0,103.0,36.5
166,270,170,313.0,3.0,109.5,34.0
167,270,544,313.0,3.0,109.5,39.5
168,621,340,313.0,3.0,103.0,36.5
169,270,170,312.0,3.0,109.5,34.0
170,270,544,312.0,3.0,109.5,39.5
171,621,340,312.0,3.0,103.0,36.5
172,270,170,311.0,3.0,109.5,34.0
173,270,544,311.0,3.0,109.5,39.5
174,621,340,311.0,3.0,103.0,36.5
175,189,476,310.0,4.0,111.0,38.5
176,216,272,310.0,4.0,110.5,35.5
177,405,544,310.0,4.0,107.0,39.5
178,486,306,310.0,4.0,105.5,36.0
179,189,476,309.0,4.0,111.0,38.5
180,216,272,309.0,4.0,110.5,35.5
181,405,544,309.0,4.0,107.0,39.5
182,486,306,309.0,4.0,105.5,36.0
183,189,476,308.0,4.0,111.0,38.5
184,216,272,308.0,4.0,110.5,35.5
185,405,544,308.0,4.0,107.0,39.5
186,486,306,308.0,4.0,105.5,36.0
187,270,170,307.0,4.0,109.5,34.0
188,405,544,307.0,4.0,107.0,39.5
189,486,306,307.0,4.0,105.5,36.0
190,162,442,307.0,4.0,111.5,38.0
191,270,170,306.0,4.0,109.5,34.0
192,405,544,306.0,4.0,107.0,39.5
193,486,306,306.0,4.0,105.5,36.0
194,162,442,306.0,4.0,111.5,38.0
195,540,374,305.0,4.0,104.5,37.0
196,486,306,305.0,4.0,105.5,36.0
197,243,238,305.0,4.0,110.0,35.0
198,243,510,305.0,4.0,110.0,39.0
199,540,306,304.0,4.0,104.5,36.0
200,540,374,304.0,4.0,104.5,37.0
201,243,238,304.0,4.0,110.0,35.0
202,243,510,304.0,4.0,110.0,39.0
203,432,238,303.0,4.0,106.5,35.0
204,243,238,303.0,4.0,110.0,35.0
205,513,408,303.0,4.0,105.0,37.5
206,243,510,303.0,4.0,110.0,39.0
207,216,510,302.0,4.0,110.5,39.0
208,243,238,302.0,4.0,110.0,35.0
209,513,442,302.0,4.0,105.0,38.0
210,459,204,302.0,4.0,106.0,34.5
211,216,510,301.0,4.0,110.5,39.0
212,243,238,301.0,4.0,110.0,35.0
213,513,442,301.0,4.0,105.0,38.0
214,459,204,301.0,4.0,106.0,34.5
215,216,510,300.0,4.0,110.5,39.0
216,243,238,300.0,4.0,110.0,35.0
217,513,442,300.0,4.0,105.0,38.0
218,459,204,300.0,4.0,106.0,34.5
219,216,510,299.0,4.0,110.5,39.0
220,243,238,299.0,4.0,110.0,35.0
221,513,442,299.0,4.0,105.0,38.0
222,459,204,299.0,4.0,106.0,34.5
223,216,510,298.0,4.0,110.5,39.0
224,243,204,298.0,4.0,110.0,34.5
225,432,476,298.0,4.0,106.5,38.5
226,459,238,298.0,4.0,106.0,35.0
227,189,476,297.0,4.0,111.0,38.5
228,486,238,297.0,4.0,105.5,35.0
229,243,204,297.0,4.0,110.0,34.5
230,432,476,297.0,4.0,106.5,38.5
231,135,442,296.0,4.0,112.0,38.0
232,459,476,296.0,4.0,106.0,38.5
233,216,238,296.0,4.0,110.5,35.0
234,486,238,296.0,4.0,105.5,35.0
235,135,442,295.0,4.0,112.0,38.0
236,459,476,295.0,4.0,106.0,38.5
237,216,238,295.0,4.0,110.5,35.0
238,486,238,295.0,4.0,105.5,35.0
239,135,442,294.0,4.0,112.0,38.0
240,459,476,294.0,4.0,106.0,38.5
241,216,238,294.0,4.0,110.5,35.0
242,486,238,294.0,4.0,105.5,35.0
243,135,442,293.0,4.0,112.0,38.0
244,459,476,293.0,4.0,106.0,38.5
245,216,238,293.0,4.0,110.5,35.0
246,486,238,293.0,4.0,105.5,35.0
247,189,510,292.0,4.0,111.0,39.0
248,216,204,292.0,4.0,110.5,34.5
249,486,442,292.0,4.0,105.5,38.0
250,459,238,292.0,4.0,106.0,35.0
251,189,510,291.0,4.0,111.0,39.0
252,216,204,291.0,4.0,110.5,34.5
253,486,442,291.0,4.0,105.5,38.0
254,459,238,291.0,4.0,106.0,35.0
255,189,510,290.0,4.0,111.0,39.0
256,216,204,290.0,4.0,110.5,34.5
257,486,442,290.0,4.0,105.5,38.0
258,459,238,290.0,4.0,106.0,35.0
259,189,510,289.0,4.0,111.0,39.0
260,216,204,289.0,4.0,110.5,34.5
261,486,442,289.0,4.0,105.5,38.0
262,459,238,289.0,4.0,106.0,35.0
263,540,408,288.0,4.0,104.5,37.5
264,216,204,288.0,4.0,110.5,34.5
265,486,238,288.0,4.0,105.5,35.0
266,162,476,288.0,4.0,111.5,38.5
267,135,476,287.0,4.0,112.0,38.5
268,216,204,287.0,4.0,110.5,34.5
269,486,204,287.0,4.0,105.5,34.5
270,486,442,287.0,4.0,105.5,38.0
271,135,476,286.0,4.0,112.0,38.5
272,216,204,286.0,4.0,110.5,34.5
273,486,204,286.0,4.0,105.5,34.5
274,486,442,286.0,4.0,105.5,38.0
275,135,476,285.0,4.0,112.0,38.5
276,216,204,285.0,4.0,110.5,34.5
277,486,204,285.0,4.0,105.5,34.5
278,486,442,285.0,4.0,105.5,38.0
279,135,476,284.0,4.0,112.0,38.5
280,216,204,284.0,4.0,110.5,34.5
281,486,204,284.0,4.0,105.5,34.5
282,486,442,284.0,4.0,105.5,38.0
283,135,476,283.0,4.0,112.0,38.5
284,621,272,283.0,4.0,103.0,35.5
285,486,442,283.0,4.0,105.5,38.0
286,243,170,283.0,4.0,110.0,34.0
287,135,476,282.0,4.0,112.0,38.5
288,621,272,282.0,4.0,103.0,35.5
289,486,442,282.0,4.0,105.5,38.0
290,243,170,282.0,4.0,110.0,34.0
291,135,476,281.0,4.0,112.0,38.5
292,621,272,281.0,4.0,103.0,35.5
293,486,442,281.0,4.0,105.5,38.0
294,243,170,281.0,4.0,110.0,34.0
295,135,476,280.0,4.0,112.0,38.5
296,621,272,280.0,4.0,103.0,35.5
297,486,442,280.0,4.0,105.5,38.0
298,243,170,280.0,4.0,110.0,34.0
299,135,476,279.0,4.0,112.0,38.5
300,621,272,279.0,4.0,103.0,35.5
301,486,442,279.0,4.0,105.5,38.0
302,243,170,279.0,4.0,110.0,34.0
303,135,476,278.0,4.0,112.0,38.5
304,405,204,278.0,4.0,107.0,34.5
305,216,136,278.0,4.0,110.5,33.5
306,486,476,278.0,4.0,105.5,38.5
307,405,170,277.0,4.0,107.0,34.0
308,216,136,277.0,4.0,110.5,33.5
309,162,476,277.0,4.0,111.5,38.5
310,513,442,277.0,4.0,105.0,38.0
311,405,170,276.0,4.0,107.0,34.0
312,216,136,276.0,4.0,110.5,33.5
313,162,476,276.0,4.0,111.5,38.5
314,513,442,276.0,4.0,105.0,38.0
315,405,170,275.0,4.0,107.0,34.0
316,216,136,275.0,4.0,110.5,33.5
317,162,476,275.0,4.0,111.5,38.5
318,513,442,275.0,4.0,105.0,38.0
319,486,476,274.0,4.0,105.5,38.5
320,162,476,274.0,4.0,111.5,38.5
321,189,204,274.0,4.0,111.0,34.5
322,459,238,274.0,4.0,106.0,35.0
323,405,136,273.0,4.0,107.0,33.5
324,513,476,273.0,4.0,105.0,38.5
325,243,578,273.0,4.0,110.0,40.0
326,135,238,273.0,4.0,112.0,35.0
327,135,272,272.0,4.0,112.0,35.5
328,405,136,272.0,4.0,107.0,33.5
329,513,476,272.0,4.0,105.0,38.5
330,243,578,272.0,4.0,110.0,40.0
331,135,272,271.0,4.0,112.0,35.5
332,135,476,271.0,4.0,112.0,38.5
333,405,136,271.0,4.0,107.0,33.5
334,486,476,271.0,4.0,105.5,38.5
335,135,272,270.0,4.0,112.0,35.5
336,135,476,270.0,4.0,112.0,38.5
337,405,136,270.0,4.0,107.0,33.5
338,486,476,270.0,4.0,105.5,38.5
339,135,476,269.0,4.0,112.0,38.5
340,405,136,269.0,4.0,107.0,33.5
341,216,170,269.0,4.0,110.5,34.0
342,486,476,269.0,4.0,105.5,38.5
343,135,476,268.0,4.0,112.0,38.5
344,405,136,268.0,4.0,107.0,33.5
345,216,170,268.0,4.0,110.5,34.0
346,486,476,268.0,4.0,105.5,38.5
347,135,476,267.0,4.0,112.0,38.5
348,405,136,267.0,4.0,107.0,33.5
349,216,170,267.0,4.0,110.5,34.0
350,486,476,267.0,4.0,105.5,38.5
351,135,476,266.0,4.0,112.0,38.5
352,405,136,266.0,4.0,107.0,33.5
353,216,170,266.0,4.0,110.5,34.0
354,486,476,266.0,4.0,105.5,38.5
355,135,476,265.0,4.0,112.0,38.5
356,405,136,265.0,4.0,107.0,33.5
357,216,170,265.0,4.0,110.5,34.0
358,486,476,265.0,4.0,105.5,38.5
359,135,476,264.0,4.0,112.0,38.5
360,405,136,264.0,4.0,107.0,33.5
361,216,170,264.0,4.0,110.5,34.0
362,486,476,264.0,4.0,105.5,38.5
363,405,136,263.0,4.0,107.0,33.5
364,162,510,263.0,4.0,111.5,39.0
365,189,204,263.0,4.0,111.0,34.5
366,513,476,263.0,4.0,105.0,38.5
367,405,136,262.0,4.0,107.0,33.5
368,162,510,262.0,4.0,111.5,39.0
369,189,204,262.0,4.0,111.0,34.5
370,513,476,262.0,4.0,105.0,38.5
371,405,136,261.0,4.0,107.0,33.5
372,486,476,261.0,4.0,105.5,38.5
373,108,476,261.0,4.0,112.5,38.5
374,189,204,261.0,4.0,111.0,34.5
375,405,170,260.0,4.0,107.0,34.0
376,162,204,260.0,4.0,111.5,34.5
377,486,476,260.0,4.0,105.5,38.5
378,108,476,260.0,4.0,112.5,38.5
379,405,170,259.0,4.0,107.0,34.0
380,162,204,259.0,4.0,111.5,34.5
381,486,476,259.0,4.0,105.5,38.5
382,108,476,259.0,4.0,112.5,38.5
383,405,170,258.0,4.0,107.0,34.0
384,162,204,258.0,4.0,111.5,34.5
385,486,476,258.0,4.0,105.5,38.5
386,108,476,258.0,4.0,112.5,38.5
387,405,170,257.0,4.0,107.0,34.0
388,162,204,257.0,4.0,111.5,34.5
389,486,476,257.0,4.0,105.5,38.5
390,108,476,257.0,4.0,112.5,38.5
391,405,170,256.0,4.0,107.0,34.0
392,162,204,256.0,4.0,111.5,34.5
393,486,476,256.0,4.0,105.5,38.5
394,108,476,256.0,4.0,112.5,38.5
395,405,136,255.0,4.0,107.0,33.5
396,540,476,255.0,4.0,104.5,38.5
397,216,544,255.0,4.0,110.5,39.5
398,108,238,255.0,4.0,112.5,35.0
399,189,544,254.0,4.0,111.0,39.5
400,540,442,254.0,4.0,104.5,38.0
401,162,238,254.0,4.0,111.5,35.0
402,432,170,254.0,4.0,106.5,34.0
403,189,544,253.0,4.0,111.0,39.5
404,540,442,253.0,4.0,104.5,38.0
405,162,238,253.0,4.0,111.5,35.0
406,432,170,253.0,4.0,106.5,34.0
407,540,476,252.0,4.0,104.5,38.5
408,162,544,252.0,4.0,111.5,39.5
409,513,238,252.0,4.0,105.0,35.0
410,189,170,252.0,4.0,111.0,34.0
411,189,544,251.0,4.0,111.0,39.5
412,540,442,251.0,4.0,104.5,38.0
413,513,238,251.0,4.0,105.0,35.0
414,189,170,251.0,4.0,111.0,34.0
415,189,544,250.0,4.0,111.0,39.5
416,540,442,250.0,4.0,104.5,38.0
417,513,238,250.0,4.0,105.0,35.0
418,189,170,250.0,4.0,111.0,34.0
419,189,544,249.0,4.0,111.0,39.5
420,540,442,249.0,4.0,104.5,38.0
421,513,238,249.0,4.0,105.0,35.0
422,189,170,249.0,4.0,111.0,34.0
423,189,544,248.0,4.0,111.0,39.5
424,540,442,248.0,4.0,104.5,38.0
425,513,238,248.0,4.0,105.0,35.0
426,189,170,248.0,4.0,111.0,34.0
427,189,544,247.0,4.0,111.0,39.5
428,540,442,247.0,4.0,104.5,38.0
429,513,238,247.0,4.0,105.0,35.0
430,189,170,247.0,4.0,111.0,34.0
431,189,544,246.0,4.0,111.0,39.5
432,540,442,246.0,4.0,104.5,38.0
433,513,238,246.0,4.0,105.0,35.0
434,189,170,246.0,4.0,111.0,34.0
435,189,544,245.0,4.0,111.0,39.5
436,540,442,245.0,4.0,104.5,38.0
437,513,238,245.0,4.0,105.0,35.0
438,189,170,245.0,4.0,111.0,34.0
439,189,544,244.0,4.0,111.0,39.5
440,405,102,244.0,4.0,107.0,33.0
441,594,476,244.0,4.0,103.5,38.5
442,135,238,244.0,4.0,112.0,35.0
443,189,544,243.0,4.0,111.0,39.5
444,405,102,243.0,4.0,107.0,33.0
445,594,476,243.0,4.0,103.5,38.5
446,135,238,243.0,4.0,112.0,35.0
447,189,544,242.0,4.0,111.0,39.5
448,405,102,242.0,4.0,107.0,33.0
449,594,476,242.0,4.0,103.5,38.5
450,135,238,242.0,4.0,112.0,35.0
451,189,544,241.0,4.0,111.0,39.5
452,405,102,241.0,4.0,107.0,33.0
453,594,476,241.0,4.0,103.5,38.5
454,135,238,241.0,4.0,112.0,35.0
455,189,544,240.0,4.0,111.0,39.5
456,405,102,240.0,4.0,107.0,33.0
457,594,476,240.0,4.0,103.5,38.5
458,135,238,240.0,4.0,112.0,35.0
459,216,578,239.0,4.0,110.5,40.0
460,432,170,239.0,4.0,106.5,34.0
461,513,510,239.0,4.0,105.0,39.0
462,135,204,239.0,4.0,112.0,34.5
463,216,578,238.0,4.0,110.5,40.0
464,432,170,238.0,4.0,106.5,34.0
465,513,510,238.0,4.0,105.0,39.0
466,135,204,238.0,4.0,112.0,34.5
467,432,170,237.0,4.0,106.5,34.0
468,108,510,237.0,4.0,112.5,39.0
469,513,510,237.0,4.0,105.0,39.0
470,135,204,237.0,4.0,112.0,34.5
471,432,170,236.0,4.0,106.5,34.0
472,108,510,236.0,4.0,112.5,39.0
473,513,510,236.0,4.0,105.0,39.0
474,135,204,236.0,4.0,112.0,34.5
475,432,170,235.0,4.0,106.5,34.0
476,108,510,235.0,4.0,112.5,39.0
477,513,510,235.0,4.0,105.0,39.0
478,135,204,235.0,4.0,112.0,34.5
479,540,476,234.0,4.0,104.5,38.5
480,162,204,234.0,4.0,111.5,34.5
481,432,170,234.0,4.0,106.5,34.0
482,162,578,234.0,4.0,111.5,40.0
483,540,476,233.0,4.0,104.5,38.5
484,162,204,233.0,4.0,111.5,34.5
485,432,170,233.0,4.0,106.5,34.0
486,162,578,233.0,4.0,111.5,40.0
487,162,204,232.0,5.0,111.5,34.5
488,486,442,232.0,5.0,105.5,38.0
489,162,578,232.0,5.0,111.5,40.0
490,459,136,232.0,5.0,106.0,33.5
491,513,510,232.0,5.0,105.0,39.0
492,162,204,231.0,5.0,111.5,34.5
493,486,442,231.0,5.0,105.5,38.0
494,162,578,231.0,5.0,111.5,40.0
495,459,136,231.0,5.0,106.0,33.5
496,513,510,231.0,5.0,105.0,39.0
497,189,510,230.0,5.0,111.0,39.0
498,81,510,230.0,5.0,113.0,39.0
499,540,510,230.0,5.0,104.5,39.0
500,162,170,230.0,5.0,111.5,34.0
501,459,170,230.0,5.0,106.0,34.0
502,189,510,229.0,5.0,111.0,39.0
503,81,510,229.0,5.0,113.0,39.0
504,540,510,229.0,5.0,104.5,39.0
505,162,170,229.0,5.0,111.5,34.0
506,459,170,229.0,5.0,106.0,34.0
507,189,510,228.0,5.0,111.0,39.0
508,81,510,228.0,5.0,113.0,39.0
509,540,510,228.0,5.0,104.5,39.0
510,162,170,228.0,5.0,111.5,34.0
511,459,170,228.0,5.0,106.0,34.0
512,189,510,227.0,5.0,111.0,39.0
513,81,510,227.0,5.0,113.0,39.0
514,540,510,227.0,5.0,104.5,39.0
515,162,170,227.0,5.0,111.5,34.0
516,459,170,227.0,5.0,106.0,34.0
517,189,510,226.0,5.0,111.0,39.0
518,81,510,226.0,5.0,113.0,39.0
519,540,510,226.0,5.0,104.5,39.0
520,162,170,226.0,5.0,111.5,34.0
521,459,170,226.0,5.0,106.0,34.0
522,189,510,225.0,5.0,111.0,39.0
523,81,510,225.0,5.0,113.0,39.0
524,540,510,225.0,5.0,104.5,39.0
525,162,170,225.0,5.0,111.5,34.0
526,459,170,225.0,5.0,106.0,34.0
527,189,510,224.0,5.0,111.0,39.0
528,81,510,224.0,5.0,113.0,39.0
529,540,510,224.0,5.0,104.5,39.0
530,162,170,224.0,5.0,111.5,34.0
531,459,170,224.0,5.0,106.0,34.0
532,189,510,223.0,5.0,111.0,39.0
533,81,510,223.0,5.0,113.0,39.0
534,540,510,223.0,5.0,104.5,39.0
535,162,170,223.0,5.0,111.5,34.0
536,459,170,223.0,5.0,106.0,34.0
537,189,510,222.0,5.0,111.0,39.0
538,81,510,222.0,5.0,113.0,39.0
539,540,510,222.0,5.0,104.5,39.0
540,162,170,222.0,5.0,111.5,34.0
541,459,170,222.0,5.0,106.0,34.0
542,189,510,221.0,5.0,111.0,39.0
543,81,510,221.0,5.0,113.0,39.0
544,540,510,221.0,5.0,104.5,39.0
545,162,170,221.0,5.0,111.5,34.0
546,459,170,221.0,5.0,106.0,34.0
547,189,510,220.0,5.0,111.0,39.0
548,81,510,220.0,5.0,113.0,39.0
549,540,510,220.0,5.0,104.5,39.0
550,162,170,220.0,5.0,111.5,34.0
551,459,170,220.0,5.0,106.0,34.0
552,189,510,219.0,5.0,111.0,39.0
553,81,510,219.0,5.0,113.0,39.0
554,540,510,219.0,5.0,104.5,39.0
555,162,170,219.0,5.0,111.5,34.0
556,459,170,219.0,5.0,106.0,34.0
557,189,510,218.0,5.0,111.0,39.0
558,81,510,218.0,5.0,113.0,39.0
559,540,510,218.0,5.0,104.5,39.0
560,162,170,218.0,5.0,111.5,34.0
561,459,170,218.0,5.0,106.0,34.0
562,81,544,217.0,5.0,113.0,39.5
563,162,170,217.0,5.0,111.5,34.0
564,621,442,217.0,5.0,103.0,38.0
565,432,136,217.0,5.0,106.5,33.5
566,378,510,217.0,5.0,107.5,39.0
567,81,544,216.0,5.0,113.0,39.5
568,162,170,216.0,5.0,111.5,34.0
569,621,442,216.0,5.0,103.0,38.0
570,432,136,216.0,5.0,106.5,33.5
571,378,510,216.0,5.0,107.5,39.0
572,81,544,215.0,5.0,113.0,39.5
573,162,170,215.0,5.0,111.5,34.0
574,621,442,215.0,5.0,103.0,38.0
575,432,136,215.0,5.0,106.5,33.5
576,378,510,215.0,5.0,107.5,39.0
577,81,544,214.0,5.0,113.0,39.5
578,162,170,214.0,5.0,111.5,34.0
579,621,442,214.0,5.0,103.0,38.0
580,459,136,214.0,5.0,106.0,33.5
581,378,510,214.0,5.0,107.5,39.0
582,81,544,213.0,5.0,113.0,39.5
583,162,170,213.0,5.0,111.5,34.0
584,621,442,213.0,5.0,103.0,38.0
585,459,136,213.0,5.0,106.0,33.5
586,378,510,213.0,5.0,107.5,39.0
587,81,544,212.0,5.0,113.0,39.5
588,162,170,212.0,5.0,111.5,34.0
589,621,442,212.0,5.0,103.0,38.0
590,459,136,212.0,5.0,106.0,33.5
591,378,510,212.0,5.0,107.5,39.0
592,189,612,211.0,6.0,111.0,40.5
593,540,510,211.0,6.0,104.5,39.0
594,162,340,211.0,6.0,111.5,36.5
595,486,510,211.0,6.0,105.5,39.0
596,513,170,211.0,6.0,105.0,34.0
597,189,102,211.0,6.0,111.0,33.0
598,189,612,210.0,6.0,111.0,40.5
599,540,510,210.0,6.0,104.5,39.0
600,162,340,210.0,6.0,111.5,36.5
601,486,510,210.0,6.0,105.5,39.0
602,513,170,210.0,6.0,105.0,34.0
603,189,102,210.0,6.0,111.0,33.0
604,189,612,209.0,6.0,111.0,40.5
605,540,510,209.0,6.0,104.5,39.0
606,162,340,209.0,6.0,111.5,36.5
607,486,510,209.0,6.0,105.5,39.0
608,513,170,209.0,6.0,105.0,34.0
609,189,102,209.0,6.0,111.0,33.0
610,189,612,208.0,6.0,111.0,40.5
611,540,510,208.0,6.0,104.5,39.0
612,162,340,208.0,6.0,111.5,36.5
613,486,510,208.0,6.0,105.5,39.0
614,513,170,208.0,6.0,105.0,34.0
615,189,102,208.0,6.0,111.0,33.0
616,189,612,207.0,6.0,111.0,40.5
617,540,510,207.0,6.0,104.5,39.0
618,162,340,207.0,6.0,111.5,36.5
619,486,510,207.0,6.0,105.5,39.0
620,513,170,207.0,6.0,105.0,34.0
621,189,102,207.0,6.0,111.0,33.0
622,189,612,206.0,6.0,111.0,40.5
623,540,510,206.0,6.0,104.5,39.0
624,162,340,206.0,6.0,111.5,36.5
625,486,510,206.0,6.0,105.5,39.0
626,513,170,206.0,6.0,105.0,34.0
627,189,102,206.0,6.0,111.0,33.0
628,189,612,205.0,6.0,111.0,40.5
629,540,510,205.0,6.0,104.5,39.0
630,162,340,205.0,6.0,111.5,36.5
631,486,510,205.0,6.0,105.5,39.0
632,513,170,205.0,6.0,105.0,34.0
633,189,102,205.0,6.0,111.0,33.0
634,189,612,204.0,6.0,111.0,40.5
635,540,510,204.0,6.0,104.5,39.0
636,162,340,204.0,6.0,111.5,36.5
637,486,510,204.0,6.0,105.5,39.0
638,513,170,204.0,6.0,105.0,34.0
639,189,102,204.0,6.0,111.0,33.0
640,189,612,203.0,6.0,111.0,40.5
641,540,510,203.0,6.0,104.5,39.0
642,162,340,203.0,6.0,111.5,36.5
643,486,510,203.0,6.0,105.5,39.0
644,513,170,203.0,6.0,105.0,34.0
645,189,102,203.0,6.0,111.0,33.0
646,189,612,202.0,6.0,111.0,40.5
647,540,510,202.0,6.0,104.5,39.0
648,162,340,202.0,6.0,111.5,36.5
649,486,510,202.0,6.0,105.5,39.0
650,513,170,202.0,6.0,105.0,34.0
651,189,102,202.0,6.0,111.0,33.0
652,189,612,201.0,6.0,111.0,40.5
653,486,170,201.0,6.0,105.5,34.0
654,540,510,201.0,6.0,104.5,39.0
655,162,340,201.0,6.0,111.5,36.5
656,189,102,201.0,6.0,111.0,33.0
657,459,204,201.0,6.0,106.0,34.5
658,513,612,200.0,6.0,105.0,40.5
659,162,612,200.0,6.0,111.5,40.5
660,513,374,200.0,6.0,105.0,37.0
661,459,102,200.0,6.0,106.0,33.0
662,135,136,200.0,6.0,112.0,33.5
663,189,340,200.0,6.0,111.0,36.5
664,513,612,199.0,6.0,105.0,40.5
665,162,612,199.0,6.0,111.5,40.5
666,513,374,199.0,6.0,105.0,37.0
667,459,102,199.0,6.0,106.0,33.0
668,135,136,199.0,6.0,112.0,33.5
669,189,340,199.0,6.0,111.0,36.5
670,513,612,198.0,6.0,105.0,40.5
671,162,612,198.0,6.0,111.5,40.5
672,513,374,198.0,6.0,105.0,37.0
673,459,102,198.0,6.0,106.0,33.0
674,135,136,198.0,6.0,112.0,33.5
675,189,340,198.0,6.0,111.0,36.5
676,513,612,197.0,6.0,105.0,40.5
677,162,612,197.0,6.0,111.5,40.5
678,513,374,197.0,6.0,105.0,37.0
679,459,102,197.0,6.0,106.0,33.0
680,135,136,197.0,6.0,112.0,33.5
681,189,340,197.0,6.0,111.0,36.5
682,513,612,196.0,6.0,105.0,40.5
683,162,612,196.0,6.0,111.5,40.5
684,513,374,196.0,6.0,105.0,37.0
685,459,102,196.0,6.0,106.0,33.0
686,135,136,196.0,6.0,112.0,33.5
687,189,340,196.0,6.0,111.0,36.5
688,513,612,195.0,6.0,105.0,40.5
689,162,612,195.0,6.0,111.5,40.5
690,513,374,195.0,6.0,105.0,37.0
691,459,102,195.0,6.0,106.0,33.0
692,135,136,195.0,6.0,112.0,33.5
693,189,340,195.0,6.0,111.0,36.5
694,513,612,194.0,6.0,105.0,40.5
695,162,612,194.0,6.0,111.5,40.5
696,513,374,194.0,6.0,105.0,37.0
697,459,102,194.0,6.0,106.0,33.0
698,135,136,194.0,6.0,112.0,33.5
699,189,340,194.0,6.0,111.0,36.5
700,513,612,193.0,6.0,105.0,40.5
701,162,612,193.0,6.0,111.5,40.5
702,513,374,193.0,6.0,105.0,37.0
703,459,102,193.0,6.0,106.0,33.0
704,135,136,193.0,6.0,112.0,33.5
705,189,340,193.0,6.0,111.0,36.5
706,594,476,192.0,6.0,103.5,38.5
707,162,68,192.0,6.0,111.5,32.5
708,486,170,192.0,6.0,105.5,34.0
709,162,204,192.0,6.0,111.5,34.5
710,351,510,192.0,6.0,108.0,39.0
711,108,544,192.0,6.0,112.5,39.5
712,108,204,191.0,6.0,112.5,34.5
713,351,476,191.0,6.0,108.0,38.5
714,108,578,191.0,6.0,112.5,40.0
715,567,544,191.0,6.0,104.0,39.5
716,324,102,191.0,6.0,108.5,33.0
717,594,204,191.0,6.0,103.5,34.5
718,108,204,190.0,6.0,112.5,34.5
719,351,476,190.0,6.0,108.0,38.5
720,108,578,190.0,6.0,112.5,40.0
721,567,544,190.0,6.0,104.0,39.5
722,324,102,190.0,6.0,108.5,33.0
723,594,204,190.0,6.0,103.5,34.5
724,108,204,189.0,6.0,112.5,34.5
725,351,476,189.0,6.0,108.0,38.5
726,108,578,189.0,6.0,112.5,40.0
727,567,544,189.0,6.0,104.0,39.5
728,324,102,189.0,6.0,108.5,33.0
729,594,204,189.0,6.0,103.5,34.5
730,81,578,188.0,7.0,113.0,40.0
731,162,102,188.0,7.0,111.5,33.0
732,540,544,188.0,7.0,104.5,39.5
733,270,578,188.0,7.0,109.5,40.0
734,162,306,188.0,7.0,111.5,36.0
735,513,340,188.0,7.0,105.0,36.5
736,459,102,188.0,7.0,106.0,33.0
737,81,578,187.0,7.0,113.0,40.0
738,162,102,187.0,7.0,111.5,33.0
739,540,544,187.0,7.0,104.5,39.5
740,270,578,187.0,7.0,109.5,40.0
741,162,306,187.0,7.0,111.5,36.0
742,513,340,187.0,7.0,105.0,36.5
743,459,102,187.0,7.0,106.0,33.0
744,81,578,186.0,7.0,113.0,40.0
745,162,102,186.0,7.0,111.5,33.0
746,540,544,186.0,7.0,104.5,39.5
747,270,578,186.0,7.0,109.5,40.0
748,162,306,186.0,7.0,111.5,36.0
749,513,340,186.0,7.0,105.0,36.5
750,459,102,186.0,7.0,106.0,33.0
751,81,578,185.0,7.0,113.0,40.0
752,162,102,185.0,7.0,111.5,33.0
753,540,544,185.0,7.0,104.5,39.5
754,270,578,185.0,7.0,109.5,40.0
755,162,306,185.0,7.0,111.5,36.0
756,513,340,185.0,7.0,105.0,36.5
757,459,102,185.0,7.0,106.0,33.0
758,81,578,184.0,7.0,113.0,40.0
759,162,102,184.0,7.0,111.5,33.0
760,540,544,184.0,7.0,104.5,39.5
761,270,578,184.0,7.0,109.5,40.0
762,162,306,184.0,7.0,111.5,36.0
763,513,340,184.0,7.0,105.0,36.5
764,459,102,184.0,7.0,106.0,33.0
765,81,578,183.0,7.0,113.0,40.0
766,162,102,183.0,7.0,111.5,33.0
767,540,544,183.0,7.0,104.5,39.5
768,270,578,183.0,7.0,109.5,40.0
769,162,306,183.0,7.0,111.5,36.0
770,513,340,183.0,7.0,105.0,36.5
771,459,102,183.0,7.0,106.0,33.0
772,81,578,182.0,7.0,113.0,40.0
773,162,102,182.0,7.0,111.5,33.0
774,540,544,182.0,7.0,104.5,39.5
775,270,578,182.0,7.0,109.5,40.0
776,162,306,182.0,7.0,111.5,36.0
777,513,340,182.0,7.0,105.0,36.5
778,459,102,182.0,7.0,106.0,33.0
779,81,578,181.0,7.0,113.0,40.0
780,162,102,181.0,7.0,111.5,33.0
781,540,544,181.0,7.0,104.5,39.5
782,270,578,181.0,7.0,109.5,40.0
783,162,306,181.0,7.0,111.5,36.0
784,513,340,181.0,7.0,105.0,36.5
785,459,102,181.0,7.0,106.0,33.0
786,81,578,180.0,7.0,113.0,40.0
787,162,102,180.0,7.0,111.5,33.0
788,540,544,180.0,7.0,104.5,39.5
789,270,578,180.0,7.0,109.5,40.0
790,162,306,180.0,7.0,111.5,36.0
791,513,340,180.0,7.0,105.0,36.5
792,459,102,180.0,7.0,106.0,33.0
793,81,578,179.0,7.0,113.0,40.0
794,162,102,179.0,7.0,111.5,33.0
795,540,544,179.0,7.0,104.5,39.5
796,270,578,179.0,7.0,109.5,40.0
797,162,306,179.0,7.0,111.5,36.0
798,513,340,179.0,7.0,105.0,36.5
799,459,102,179.0,7.0,106.0,33.0
800,594,510,178.0,7.0,103.5,39.0
801,162,102,178.0,7.0,111.5,33.0
802,162,306,178.0,7.0,111.5,36.0
803,297,578,178.0,7.0,109.0,40.0
804,513,340,178.0,7.0,105.0,36.5
805,54,578,178.0,7.0,113.5,40.0
806,459,102,178.0,7.0,106.0,33.0
807,594,510,177.0,7.0,103.5,39.0
808,162,102,177.0,7.0,111.5,33.0
809,162,306,177.0,7.0,111.5,36.0
810,297,578,177.0,7.0,109.0,40.0
811,513,340,177.0,7.0,105.0,36.5
812,54,578,177.0,7.0,113.5,40.0
813,459,102,177.0,7.0,106.0,33.0
814,594,510,176.0,7.0,103.5,39.0
815,162,102,176.0,7.0,111.5,33.0
816,162,306,176.0,7.0,111.5,36.0
817,297,578,176.0,7.0,109.0,40.0
818,513,340,176.0,7.0,105.0,36.5
819,54,578,176.0,7.0,113.5,40.0
820,459,102,176.0,7.0,106.0,33.0
821,324,408,175.0,7.0,108.5,37.5
822,594,510,175.0,7.0,103.5,39.0
823,27,238,175.0,7.0,114.0,35.0
824,351,510,175.0,7.0,108.0,39.0
825,243,68,175.0,7.0,110.0,32.5
826,513,170,175.0,7.0,105.0,34.0
827,108,578,175.0,7.0,112.5,40.0
828,324,408,174.0,7.0,108.5,37.5
829,594,510,174.0,7.0,103.5,39.0
830,27,238,174.0,7.0,114.0,35.0
831,351,510,174.0,7.0,108.0,39.0
832,243,68,174.0,7.0,110.0,32.5
833,513,170,174.0,7.0,105.0,34.0
834,108,578,174.0,7.0,112.5,40.0
835,513,612,173.0,8.0,105.0,40.5
836,594,442,173.0,8.0,103.5,38.0
837,324,510,173.0,8.0,108.5,39.0
838,27,238,173.0,8.0,114.0,35.0
839,486,136,173.0,8.0,105.5,33.5
840,243,68,173.0,8.0,110.0,32.5
841,297,374,173.0,8.0,109.0,37.0
842,108,578,173.0,8.0,112.5,40.0
843,0,272,172.0,8.0,114.5,35.5
844,594,510,172.0,8.0,103.5,39.0
845,270,306,172.0,8.0,109.5,36.0
846,486,34,172.0,8.0,105.5,32.0
847,162,102,172.0,8.0,111.5,33.0
848,405,544,172.0,8.0,107.0,39.5
849,486,238,172.0,8.0,105.5,35.0
850,108,578,172.0,8.0,112.5,40.0
851,0,272,171.0,8.0,114.5,35.5
852,594,510,171.0,8.0,103.5,39.0
853,270,306,171.0,8.0,109.5,36.0
854,486,34,171.0,8.0,105.5,32.0
855,162,102,171.0,8.0,111.5,33.0
856,405,544,171.0,8.0,107.0,39.5
857,486,238,171.0,8.0,105.5,35.0
858,108,578,171.0,8.0,112.5,40.0
859,0,272,170.0,8.0,114.5,35.5
860,594,510,170.0,8.0,103.5,39.0
861,270,306,170.0,8.0,109.5,36.0
862,486,34,170.0,8.0,105.5,32.0
863,162,102,170.0,8.0,111.5,33.0
864,405,544,170.0,8.0,107.0,39.5
865,486,238,170.0,8.0,105.5,35.0
866,108,578,170.0,8.0,112.5,40.0
867,81,170,169.0,8.0,113.0,34.0
868,594,510,169.0,8.0,103.5,39.0
869,216,102,169.0,8.0,110.5,33.0
870,486,272,169.0,8.0,105.5,35.5
871,513,102,169.0,8.0,105.0,33.0
872,108,578,169.0,8.0,112.5,40.0
873,189,374,169.0,8.0,111.0,37.0
874,378,544,169.0,8.0,107.5,39.5
875,81,170,168.0,8.0,113.0,34.0
876,594,510,168.0,8.0,103.5,39.0
877,216,102,168.0,8.0,110.5,33.0
878,486,272,168.0,8.0,105.5,35.5
879,513,102,168.0,8.0,105.0,33.0
880,108,578,168.0,8.0,112.5,40.0
881,189,374,168.0,8.0,111.0,37.0
882,378,544,168.0,8.0,107.5,39.5
883,81,170,167.0,8.0,113.0,34.0
884,594,510,167.0,8.0,103.5,39.0
885,216,102,167.0,8.0,110.5,33.0
886,486,272,167.0,8.0,105.5,35.5
887,513,102,167.0,8.0,105.0,33.0
888,108,578,167.0,8.0,112.5,40.0
889,189,374,167.0,8.0,111.0,37.0
890,378,544,167.0,8.0,107.5,39.5
891,81,170,166.0,8.0,113.0,34.0
892,594,510,166.0,8.0,103.5,39.0
893,216,102,166.0,8.0,110.5,33.0
894,486,272,166.0,8.0,105.5,35.5
895,513,102,166.0,8.0,105.0,33.0
896,108,578,166.0,8.0,112.5,40.0
897,189,374,166.0,8.0,111.0,37.0
898,378,544,166.0,8.0,107.5,39.5
899,459,340,165.0,8.0,106.0,36.5
900,81,170,165.0,8.0,113.0,34.0
901,540,170,165.0,8.0,104.5,34.0
902,594,510,165.0,8.0,103.5,39.0
903,162,340,165.0,8.0,111.5,36.5
904,297,102,165.0,8.0,109.0,33.0
905,108,578,165.0,8.0,112.5,40.0
906,378,544,165.0,8.0,107.5,39.5
907,459,340,164.0,8.0,106.0,36.5
908,81,170,164.0,8.0,113.0,34.0
909,540,170,164.0,8.0,104.5,34.0
910,594,510,164.0,8.0,103.5,39.0
911,162,340,164.0,8.0,111.5,36.5
912,297,102,164.0,8.0,109.0,33.0
913,108,578,164.0,8.0,112.5,40.0
914,378,544,164.0,8.0,107.5,39.5
915,459,340,163.0,8.0,106.0,36.5
916,81,170,163.0,8.0,113.0,34.0
917,540,170,163.0,8.0,104.5,34.0
918,594,510,163.0,8.0,103.5,39.0
919,162,340,163.0,8.0,111.5,36.5
920,297,102,163.0,8.0,109.0,33.0
921,108,578,163.0,8.0,112.5,40.0
922,378,544,163.0,8.0,107.5,39.5
923,459,340,162.0,8.0,106.0,36.5
924,81,170,162.0,8.0,113.0,34.0
925,540,170,162.0,8.0,104.5,34.0
926,594,510,162.0,8.0,103.5,39.0
927,162,340,162.0,8.0,111.5,36.5
928,297,102,162.0,8.0,109.0,33.0
929,108,578,162.0,8.0,112.5,40.0
930,378,544,162.0,8.0,107.5,39.5
931,324,340,161.0,9.0,108.5,36.5
932,540,340,161.0,9.0,104.5,36.5
933,486,102,161.0,9.0,105.5,33.0
934,297,102,161.0,9.0,109.0,33.0
935,108,272,161.0,9.0,112.5,35.5
936,108,578,161.0,9.0,112.5,40.0
937,567,544,161.0,9.0,104.0,39.5
938,135,102,161.0,9.0,112.0,33.0
939,378,544,161.0,9.0,107.5,39.5
940,324,340,160.0,9.0,108.5,36.5
941,540,340,160.0,9.0,104.5,36.5
942,486,102,160.0,9.0,105.5,33.0
943,297,102,160.0,9.0,109.0,33.0
944,108,272,160.0,9.0,112.5,35.5
945,108,578,160.0,9.0,112.5,40.0
946,567,544,160.0,9.0,104.0,39.5
947,135,102,160.0,9.0,112.0,33.0
948,378,544,160.0,9.0,107.5,39.5
949,324,340,159.0,9.0,108.5,36.5
950,540,340,159.0,9.0,104.5,36.5
951,486,102,159.0,9.0,105.5,33.0
952,297,102,159.0,9.0,109.0,33.0
953,108,272,159.0,9.0,112.5,35.5
954,108,578,159.0,9.0,112.5,40.0
955,567,544,159.0,9.0,104.0,39.5
956,135,102,159.0,9.0,112.0,33.0
957,378,544,159.0,9.0,107.5,39.5
958,135,306,158.0,9.0,112.0,36.0
959,351,68,158.0,9.0,108.0,32.5
960,81,578,158.0,9.0,113.0,40.0
961,270,612,158.0,9.0,109.5,40.5
962,621,340,158.0,9.0,103.0,36.5
963,351,374,158.0,9.0,108.0,37.0
964,513,136,158.0,9.0,105.0,33.5
965,567,578,158.0,9.0,104.0,40.0
966,135,136,158.0,9.0,112.0,33.5
967,135,306,157.0,9.0,112.0,36.0
968,351,68,157.0,9.0,108.0,32.5
969,81,578,157.0,9.0,113.0,40.0
970,270,612,157.0,9.0,109.5,40.5
971,621,340,157.0,9.0,103.0,36.5
972,351,374,157.0,9.0,108.0,37.0
973,513,136,157.0,9.0,105.0,33.5
974,567,578,157.0,9.0,104.0,40.0
975,135,136,157.0,9.0,112.0,33.5
976,135,306,156.0,9.0,112.0,36.0
977,351,68,156.0,9.0,108.0,32.5
978,81,578,156.0,9.0,113.0,40.0
979,270,612,156.0,9.0,109.5,40.5
980,621,340,156.0,9.0,103.0,36.5
981,351,374,156.0,9.0,108.0,37.0
982,513,136,156.0,9.0,105.0,33.5
983,567,578,156.0,9.0,104.0,40.0
984,135,136,156.0,9.0,112.0,33.5
985,135,306,155.0,9.0,112.0,36.0
986,351,68,155.0,9.0,108.0,32.5
987,81,578,155.0,9.0,113.0,40.0
988,270,612,155.0,9.0,109.5,40.5
989,621,340,155.0,9.0,103.0,36.5
990,351,374,155.0,9.0,108.0,37.0
991,513,136,155.0,9.0,105.0,33.5
992,567,578,155.0,9.0,104.0,40.0
993,135,136,155.0,9.0,112.0,33.5
994,135,306,154.0,9.0,112.0,36.0
995,351,68,154.0,9.0,108.0,32.5
996,81,578,154.0,9.0,113.0,40.0
997,270,612,154.0,9.0,109.5,40.5
998,621,340,154.0,9.0,103.0,36.5
999,351,374,154.0,9.0,108.0,37.0
1000,513,136,154.0,9.0,105.0,33.5
1001,567,578,154.0,9.0,104.0,40.0
1002,135,136,154.0,9.0,112.0,33.5
1003,135,306,153.0,9.0,112.0,36.0
1004,351,68,153.0,9.0,108.0,32.5
1005,81,578,153.0,9.0,113.0,40.0
1006,270,612,153.0,9.0,109.5,40.5
1007,621,340,153.0,9.0,103.0,36.5
1008,351,374,153.0,9.0,108.0,37.0
1009,513,136,153.0,9.0,105.0,33.5
1010,567,578,153.0,9.0,104.0,40.0
1011,135,136,153.0,9.0,112.0,33.5
1012,135,306,152.0,9.0,112.0,36.0
1013,351,68,152.0,9.0,108.0,32.5
1014,81,578,152.0,9.0,113.0,40.0
1015,270,612,152.0,9.0,109.5,40.5
1016,621,340,152.0,9.0,103.0,36.5
1017,351,374,152.0,9.0,108.0,37.0
1018,513,136,152.0,9.0,105.0,33.5
1019,567,578,152.0,9.0,104.0,40.0
1020,135,136,152.0,9.0,112.0,33.5
1021,135,340,151.0,9.0,112.0,36.5
1022,270,68,151.0,9.0,109.5,32.5
1023,540,136,151.0,9.0,104.5,33.5
1024,324,544,151.0,9.0,108.5,39.5
1025,81,612,151.0,9.0,113.0,40.5
1026,621,374,151.0,9.0,103.0,37.0
1027,351,340,151.0,9.0,108.0,36.5
1028,54,170,151.0,9.0,113.5,34.0
1029,567,544,151.0,9.0,104.0,39.5
1030,135,340,150.0,9.0,112.0,36.5
1031,270,68,150.0,9.0,109.5,32.5
1032,540,136,150.0,9.0,104.5,33.5
1033,324,544,150.0,9.0,108.5,39.5
1034,81,612,150.0,9.0,113.0,40.5
1035,621,374,150.0,9.0,103.0,37.0
1036,351,340,150.0,9.0,108.0,36.5
1037,54,170,150.0,9.0,113.5,34.0
1038,567,544,150.0,9.0,104.0,39.5
1039,135,340,149.0,9.0,112.0,36.5
1040,270,68,149.0,9.0,109.5,32.5
1041,540,136,149.0,9.0,104.5,33.5
1042,324,544,149.0,9.0,108.5,39.5
1043,81,612,149.0,9.0,113.0,40.5
1044,621,374,149.0,9.0,103.0,37.0
1045,351,340,149.0,9.0,108.0,36.5
1046,54,170,149.0,9.0,113.5,34.0
1047,567,544,149.0,9.0,104.0,39.5
1048,81,170,148.0,10.0,113.0,34.0
1049,594,408,148.0,10.0,103.5,37.5
1050,540,136,148.0,10.0,104.5,33.5
1051,351,272,148.0,10.0,108.0,35.5
1052,405,612,148.0,10.0,107.0,40.5
1053,297,68,148.0,10.0,109.0,32.5
1054,621,544,148.0,10.0,103.0,39.5
1055,351,510,148.0,10.0,108.0,39.0
1056,108,374,148.0,10.0,112.5,37.0
1057,108,612,148.0,10.0,112.5,40.5
1058,81,170,147.0,10.0,113.0,34.0
1059,594,408,147.0,10.0,103.5,37.5
1060,540,136,147.0,10.0,104.5,33.5
1061,351,272,147.0,10.0,108.0,35.5
1062,405,612,147.0,10.0,107.0,40.5
1063,297,68,147.0,10.0,109.0,32.5
1064,621,544,147.0,10.0,103.0,39.5
1065,351,510,147.0,10.0,108.0,39.0
1066,108,374,147.0,10.0,112.5,37.0
1067,108,612,147.0,10.0,112.5,40.5
1068,378,578,146.0,10.0,107.5,40.0
1069,324,306,146.0,10.0,108.5,36.0
1070,135,442,146.0,10.0,112.0,38.0
1071,540,136,146.0,10.0,104.5,33.5
1072,594,544,146.0,10.0,103.5,39.5
1073,540,374,146.0,10.0,104.5,37.0
1074,108,136,146.0,10.0,112.5,33.5
1075,297,68,146.0,10.0,109.0,32.5
1076,108,306,146.0,10.0,112.5,36.0
1077,108,612,146.0,10.0,112.5,40.5
1078,378,578,145.0,10.0,107.5,40.0
1079,324,306,145.0,10.0,108.5,36.0
1080,135,442,145.0,10.0,112.0,38.0
1081,540,136,145.0,10.0,104.5,33.5
1082,594,544,145.0,10.0,103.5,39.5
1083,540,374,145.0,10.0,104.5,37.0
1084,108,136,145.0,10.0,112.5,33.5
1085,297,68,145.0,10.0,109.0,32.5
1086,108,306,145.0,10.0,112.5,36.0
1087,108,612,145.0,10.0,112.5,40.5
1088,378,578,144.0,10.0,107.5,40.0
1089,324,306,144.0,10.0,108.5,36.0
1090,135,442,144.0,10.0,112.0,38.0
1091,540,136,144.0,10.0,104.5,33.5
1092,594,544,144.0,10.0,103.5,39.5
1093,540,374,144.0,10.0,104.5,37.0
1094,108,136,144.0,10.0,112.5,33.5
1095,297,68,144.0,10.0,109.0,32.5
1096,108,306,144.0,10.0,112.5,36.0
1097,108,612,144.0,10.0,112.5,40.5
1098,378,578,143.0,10.0,107.5,40.0
1099,324,306,143.0,10.0,108.5,36.0
1100,135,442,143.0,10.0,112.0,38.0
1101,540,136,143.0,10.0,104.5,33.5
1102,594,544,143.0,10.0,103.5,39.5
1103,540,374,143.0,10.0,104.5,37.0
1104,108,136,143.0,10.0,112.5,33.5
1105,297,68,143.0,10.0,109.0,32.5
1106,108,306,143.0,10.0,112.5,36.0
1107,108,612,143.0,10.0,112.5,40.5
1108,378,578,142.0,10.0,107.5,40.0
1109,324,306,142.0,10.0,108.5,36.0
1110,135,442,142.0,10.0,112.0,38.0
1111,540,136,142.0,10.0,104.5,33.5
1112,594,544,142.0,10.0,103.5,39.5
1113,540,374,142.0,10.0,104.5,37.0
1114,108,136,142.0,10.0,112.5,33.5
1115,297,68,142.0,10.0,109.0,32.5
1116,108,306,142.0,10.0,112.5,36.0
1117,108,612,142.0,10.0,112.5,40.5
1118,378,578,141.0,10.0,107.5,40.0
1119,324,306,141.0,10.0,108.5,36.0
1120,135,442,141.0,10.0,112.0,38.0
1121,540,136,141.0,10.0,104.5,33.5
1122,594,544,141.0,10.0,103.5,39.5
1123,540,374,141.0,10.0,104.5,37.0
1124,108,136,141.0,10.0,112.5,33.5
1125,297,68,141.0,10.0,109.0,32.5
1126,108,306,141.0,10.0,112.5,36.0
1127,108,612,141.0,10.0,112.5,40.5
1128,378,578,140.0,10.0,107.5,40.0
1129,324,306,140.0,10.0,108.5,36.0
1130,135,442,140.0,10.0,112.0,38.0
1131,540,136,140.0,10.0,104.5,33.5
1132,594,544,140.0,10.0,103.5,39.5
1133,540,374,140.0,10.0,104.5,37.0
1134,108,136,140.0,10.0,112.5,33.5
1135,297,68,140.0,10.0,109.0,32.5
1136,108,306,140.0,10.0,112.5,36.0
1137,108,612,140.0,10.0,112.5,40.5
1138,594,374,139.0,10.0,103.5,37.0
1139,540,102,139.0,10.0,104.5,33.0
1140,324,578,139.0,10.0,108.5,40.0
1141,27,374,139.0,10.0,114.0,37.0
1142,108,102,139.0,10.0,112.5,33.0
1143,297,102,139.0,10.0,109.0,33.0
1144,432,340,139.0,10.0,106.5,36.5
1145,108,612,139.0,10.0,112.5,40.5
1146,567,578,139.0,10.0,104.0,40.0
1147,189,340,139.0,10.0,111.0,36.5
1148,378,578,138.0,11.0,107.5,40.0
1149,135,442,138.0,11.0,112.0,38.0
1150,540,136,138.0,11.0,104.5,33.5
1151,135,476,138.0,11.0,112.0,38.5
1152,594,578,138.0,11.0,103.5,40.0
1153,135,646,138.0,11.0,112.0,41.0
1154,108,68,138.0,11.0,112.5,32.5
1155,351,340,138.0,11.0,108.0,36.5
1156,108,238,138.0,11.0,112.5,35.0
1157,567,374,138.0,11.0,104.0,37.0
1158,324,102,138.0,11.0,108.5,33.0
1159,378,578,137.0,11.0,107.5,40.0
1160,135,442,137.0,11.0,112.0,38.0
1161,540,136,137.0,11.0,104.5,33.5
1162,135,476,137.0,11.0,112.0,38.5
1163,594,578,137.0,11.0,103.5,40.0
1164,135,646,137.0,11.0,112.0,41.0
1165,108,68,137.0,11.0,112.5,32.5
1166,351,340,137.0,11.0,108.0,36.5
1167,108,238,137.0,11.0,112.5,35.0
1168,567,374,137.0,11.0,104.0,37.0
1169,324,102,137.0,11.0,108.5,33.0
1170,378,578,136.0,11.0,107.5,40.0
1171,135,442,136.0,11.0,112.0,38.0
1172,540,136,136.0,11.0,104.5,33.5
1173,135,476,136.0,11.0,112.0,38.5
1174,594,578,136.0,11.0,103.5,40.0
1175,135,646,136.0,11.0,112.0,41.0
1176,108,68,136.0,11.0,112.5,32.5
1177,351,340,136.0,11.0,108.0,36.5
1178,108,238,136.0,11.0,112.5,35.0
1179,567,374,136.0,11.0,104.0,37.0
1180,324,102,136.0,11.0,108.5,33.0
1181,378,578,135.0,11.0,107.5,40.0
1182,135,442,135.0,11.0,112.0,38.0
1183,540,136,135.0,11.0,104.5,33.5
1184,135,476,135.0,11.0,112.0,38.5
1185,594,578,135.0,11.0,103.5,40.0
1186,135,646,135.0,11.0,112.0,41.0
1187,108,68,135.0,11.0,112.5,32.5
1188,351,340,135.0,11.0,108.0,36.5
1189,108,238,135.0,11.0,112.5,35.0
1190,567,374,135.0,11.0,104.0,37.0
1191,324,102,135.0,11.0,108.5,33.0
1192,324,340,134.0,11.0,108.5,36.5
1193,540,136,134.0,11.0,104.5,33.5
1194,135,646,134.0,11.0,112.0,41.0
1195,108,68,134.0,11.0,112.5,32.5
1196,108,238,134.0,11.0,112.5,35.0
1197,351,544,134.0,11.0,108.0,39.5
1198,567,408,134.0,11.0,104.0,37.5
1199,108,476,134.0,11.0,112.5,38.5
1200,567,578,134.0,11.0,104.0,40.0
1201,513,340,134.0,11.0,105.0,36.5
1202,324,102,134.0,11.0,108.5,33.0
1203,324,340,133.0,11.0,108.5,36.5
1204,540,136,133.0,11.0,104.5,33.5
1205,135,646,133.0,11.0,112.0,41.0
1206,108,68,133.0,11.0,112.5,32.5
1207,108,238,133.0,11.0,112.5,35.0
1208,351,544,133.0,11.0,108.0,39.5
1209,567,408,133.0,11.0,104.0,37.5
1210,108,476,133.0,11.0,112.5,38.5
1211,567,578,133.0,11.0,104.0,40.0
1212,513,340,133.0,11.0,105.0,36.5
1213,324,102,133.0,11.0,108.5,33.0
1214,324,340,132.0,11.0,108.5,36.5
1215,540,136,132.0,11.0,104.5,33.5
1216,135,646,132.0,11.0,112.0,41.0
1217,108,68,132.0,11.0,112.5,32.5
1218,108,238,132.0,11.0,112.5,35.0
1219,351,544,132.0,11.0,108.0,39.5
1220,567,408,132.0,11.0,104.0,37.5
1221,108,476,132.0,11.0,112.5,38.5
1222,567,578,132.0,11.0,104.0,40.0
1223,513,340,132.0,11.0,105.0,36.5
1224,324,102,132.0,11.0,108.5,33.0
1225,324,340,131.0,11.0,108.5,36.5
1226,540,136,131.0,11.0,104.5,33.5
1227,135,646,131.0,11.0,112.0,41.0
1228,108,68,131.0,11.0,112.5,32.5
1229,108,238,131.0,11.0,112.5,35.0
1230,351,544,131.0,11.0,108.0,39.5
1231,567,408,131.0,11.0,104.0,37.5
1232,108,476,131.0,11.0,112.5,38.5
1233,567,578,131.0,11.0,104.0,40.0
1234,513,340,131.0,11.0,105.0,36.5
1235,324,102,131.0,11.0,108.5,33.0
1236,594,306,130.0,12.0,103.5,36.0
1237,378,612,130.0,12.0,107.5,40.5
1238,540,102,130.0,12.0,104.5,33.0
1239,594,476,130.0,12.0,103.5,38.5
1240,135,476,130.0,12.0,112.0,38.5
1241,135,646,130.0,12.0,112.0,41.0
1242,351,272,130.0,12.0,108.0,35.5
1243,108,136,130.0,12.0,112.5,33.5
1244,297,68,130.0,12.0,109.0,32.5
1245,351,442,130.0,12.0,108.0,38.0
1246,108,306,130.0,12.0,112.5,36.0
1247,621,646,130.0,12.0,103.0,41.0
1248,594,306,129.0,12.0,103.5,36.0
1249,378,612,129.0,12.0,107.5,40.5
1250,540,102,129.0,12.0,104.5,33.0
1251,594,476,129.0,12.0,103.5,38.5
1252,135,476,129.0,12.0,112.0,38.5
1253,135,646,129.0,12.0,112.0,41.0
1254,351,272,129.0,12.0,108.0,35.5
1255,108,136,129.0,12.0,112.5,33.5
1256,297,68,129.0,12.0,109.0,32.5
1257,351,442,129.0,12.0,108.0,38.0
1258,108,306,129.0,12.0,112.5,36.0
1259,621,646,129.0,12.0,103.0,41.0
1260,594,306,128.0,12.0,103.5,36.0
1261,378,612,128.0,12.0,107.5,40.5
1262,540,102,128.0,12.0,104.5,33.0
1263,594,476,128.0,12.0,103.5,38.5
1264,135,476,128.0,12.0,112.0,38.5
1265,135,646,128.0,12.0,112.0,41.0
1266,351,272,128.0,12.0,108.0,35.5
1267,108,136,128.0,12.0,112.5,33.5
1268,297,68,128.0,12.0,109.0,32.5
1269,351,442,128.0,12.0,108.0,38.0
1270,108,306,128.0,12.0,112.5,36.0
1271,621,646,128.0,12.0,103.0,41.0
1272,81,238,127.0,13.0,113.0,35.0
1273,270,306,127.0,13.0,109.5,36.0
1274,81,442,127.0,13.0,113.0,38.0
1275,270,544,127.0,13.0,109.5,39.5
1276,567,136,127.0,13.0,104.0,33.5
1277,432,136,127.0,13.0,106.5,33.5
1278,621,544,127.0,13.0,103.0,39.5
1279,54,136,127.0,13.0,113.5,33.5
1280,243,68,127.0,13.0,110.0,32.5
1281,567,374,127.0,13.0,104.0,37.0
1282,432,374,127.0,13.0,106.5,37.0
1283,108,646,127.0,13.0,112.5,41.0
1284,432,612,127.0,13.0,106.5,40.5
1285,81,238,126.0,13.0,113.0,35.0
1286,270,306,126.0,13.0,109.5,36.0
1287,81,442,126.0,13.0,113.0,38.0
1288,270,544,126.0,13.0,109.5,39.5
1289,567,136,126.0,13.0,104.0,33.5
1290,432,136,126.0,13.0,106.5,33.5
1291,621,544,126.0,13.0,103.0,39.5
1292,54,136,126.0,13.0,113.5,33.5
1293,243,68,126.0,13.0,110.0,32.5
1294,567,374,126.0,13.0,104.0,37.0
1295,432,374,126.0,13.0,106.5,37.0
1296,108,646,126.0,13.0,112.5,41.0
1297,432,612,126.0,13.0,106.5,40.5
1298,81,238,125.0,13.0,113.0,35.0
1299,270,306,125.0,13.0,109.5,36.0
1300,81,442,125.0,13.0,113.0,38.0
1301,270,544,125.0,13.0,109.5,39.5
1302,567,136,125.0,13.0,104.0,33.5
1303,432,136,125.0,13.0,106.5,33.5
1304,621,544,125.0,13.0,103.0,39.5
1305,54,136,125.0,13.0,113.5,33.5
1306,243,68,125.0,13.0,110.0,32.5
1307,567,374,125.0,13.0,104.0,37.0
1308,432,374,125.0,13.0,106.5,37.0
1309,108,646,125.0,13.0,112.5,41.0
1310,432,612,125.0,13.0,106.5,40.5
1311,81,238,124.0,13.0,113.0,35.0
1312,270,306,124.0,13.0,109.5,36.0
1313,81,442,124.0,13.0,113.0,38.0
1314,270,544,124.0,13.0,109.5,39.5
1315,567,136,124.0,13.0,104.0,33.5
1316,432,136,124.0,13.0,106.5,33.5
1317,621,544,124.0,13.0,103.0,39.5
1318,54,136,124.0,13.0,113.5,33.5
1319,243,68,124.0,13.0,110.0,32.5
1320,567,374,124.0,13.0,104.0,37.0
1321,432,374,124.0,13.0,106.5,37.0
1322,108,646,124.0,13.0,112.5,41.0
1323,432,612,124.0,13.0,106.5,40.5
1324,81,238,123.0,13.0,113.0,35.0
1325,270,306,123.0,13.0,109.5,36.0
1326,81,442,123.0,13.0,113.0,38.0
1327,270,544,123.0,13.0,109.5,39.5
1328,567,136,123.0,13.0,104.0,33.5
1329,432,136,123.0,13.0,106.5,33.5
1330,621,544,123.0,13.0,103.0,39.5
1331,54,136,123.0,13.0,113.5,33.5
1332,243,68,123.0,13.0,110.0,32.5
1333,567,374,123.0,13.0,104.0,37.0
1334,432,374,123.0,13.0,106.5,37.0
1335,108,646,123.0,13.0,112.5,41.0
1336,432,612,123.0,13.0,106.5,40.5
1337,81,238,122.0,13.0,113.0,35.0
1338,270,306,122.0,13.0,109.5,36.0
1339,81,442,122.0,13.0,113.0,38.0
1340,270,544,122.0,13.0,109.5,39.5
1341,567,136,122.0,13.0,104.0,33.5
1342,432,136,122.0,13.0,106.5,33.5
1343,621,544,122.0,13.0,103.0,39.5
1344,54,136,122.0,13.0,113.5,33.5
1345,243,68,122.0,13.0,110.0,32.5
1346,567,374,122.0,13.0,104.0,37.0
1347,432,374,122.0,13.0,106.5,37.0
1348,108,646,122.0,13.0,112.5,41.0
1349,432,612,122.0,13.0,106.5,40.5
1350,81,238,121.0,13.0,113.0,35.0
1351,270,306,121.0,13.0,109.5,36.0
1352,81,442,121.0,13.0,113.0,38.0
1353,270,544,121.0,13.0,109.5,39.5
1354,567,136,121.0,13.0,104.0,33.5
1355,432,136,121.0,13.0,106.5,33.5
1356,621,544,121.0,13.0,103.0,39.5
1357,54,136,121.0,13.0,113.5,33.5
1358,243,68,121.0,13.0,110.0,32.5
1359,567,374,121.0,13.0,104.0,37.0
1360,432,374,121.0,13.0,106.5,37.0
1361,108,646,121.0,13.0,112.5,41.0
1362,432,612,121.0,13.0,106.5,40.5
1363,81,238,120.0,13.0,113.0,35.0
1364,270,306,120.0,13.0,109.5,36.0
1365,81,442,120.0,13.0,113.0,38.0
1366,270,544,120.0,13.0,109.5,39.5
1367,567,136,120.0,13.0,104.0,33.5
1368,432,136,120.0,13.0,106.5,33.5
1369,621,544,120.0,13.0,103.0,39.5
1370,54,136,120.0,13.0,113.5,33.5
1371,243,68,120.0,13.0,110.0,32.5
1372,567,374,120.0,13.0,104.0,37.0
1373,432,374,120.0,13.0,106.5,37.0
1374,108,646,120.0,13.0,112.5,41.0
1375,432,612,120.0,13.0,106.5,40.5
1376,81,238,119.0,13.0,113.0,35.0
1377,270,306,119.0,13.0,109.5,36.0
1378,81,442,119.0,13.0,113.0,38.0
1379,270,544,119.0,13.0,109.5,39.5
1380,567,136,119.0,13.0,104.0,33.5
1381,432,136,119.0,13.0,106.5,33.5
1382,621,544,119.0,13.0,103.0,39.5
1383,54,136,119.0,13.0,113.5,33.5
1384,243,68,119.0,13.0,110.0,32.5
1385,567,374,119.0,13.0,104.0,37.0
1386,432,374,119.0,13.0,106.5,37.0
1387,108,646,119.0,13.0,112.5,41.0
1388,432,612,119.0,13.0,106.5,40.5
1389,81,238,118.0,13.0,113.0,35.0
1390,270,306,118.0,13.0,109.5,36.0
1391,81,442,118.0,13.0,113.0,38.0
1392,270,544,118.0,13.0,109.5,39.5
1393,567,136,118.0,13.0,104.0,33.5
1394,432,136,118.0,13.0,106.5,33.5
1395,621,544,118.0,13.0,103.0,39.5
1396,54,136,118.0,13.0,113.5,33.5
1397,243,68,118.0,13.0,110.0,32.5
1398,567,374,118.0,13.0,104.0,37.0
1399,432,374,118.0,13.0,106.5,37.0
1400,108,646,118.0,13.0,112.5,41.0
1401,432,612,118.0,13.0,106.5,40.5
1402,81,238,117.0,13.0,113.0,35.0
1403,270,306,117.0,13.0,109.5,36.0
1404,81,442,117.0,13.0,113.0,38.0
1405,270,544,117.0,13.0,109.5,39.5
1406,567,136,117.0,13.0,104.0,33.5
1407,432,136,117.0,13.0,106.5,33.5
1408,621,544,117.0,13.0,103.0,39.5
1409,54,136,117.0,13.0,113.5,33.5
1410,243,68,117.0,13.0,110.0,32.5
1411,567,374,117.0,13.0,104.0,37.0
1412,432,374,117.0,13.0,106.5,37.0
1413,108,646,117.0,13.0,112.5,41.0
1414,432,612,117.0,13.0,106.5,40.5
1415,81,238,116.0,13.0,113.0,35.0
1416,270,306,116.0,13.0,109.5,36.0
1417,81,442,116.0,13.0,113.0,38.0
1418,270,544,116.0,13.0,109.5,39.5
1419,567,136,116.0,13.0,104.0,33.5
1420,432,136,116.0,13.0,106.5,33.5
1421,621,544,116.0,13.0,103.0,39.5
1422,54,136,116.0,13.0,113.5,33.5
1423,243,68,116.0,13.0,110.0,32.5
1424,567,374,116.0,13.0,104.0,37.0
1425,432,374,116.0,13.0,106.5,37.0
1426,108,646,116.0,13.0,112.5,41.0
1427,432,612,116.0,13.0,106.5,40.5
1428,189,442,115.0,14.0,111.0,38.0
1429,81,136,115.0,14.0,113.0,33.5
1430,540,102,115.0,14.0,104.5,33.0
1431,405,136,115.0,14.0,107.0,33.5
1432,540,272,115.0,14.0,104.5,35.5
1433,324,612,115.0,14.0,108.5,40.5
1434,108,272,115.0,14.0,112.5,35.5
1435,297,272,115.0,14.0,109.0,35.5
1436,243,68,115.0,14.0,110.0,32.5
1437,648,442,115.0,14.0,102.5,38.0
1438,432,442,115.0,14.0,106.5,38.0
1439,108,646,115.0,14.0,112.5,41.0
1440,567,612,115.0,14.0,104.0,40.5
1441,54,476,115.0,14.0,113.5,38.5
1442,189,442,114.0,14.0,111.0,38.0
1443,81,136,114.0,14.0,113.0,33.5
1444,540,102,114.0,14.0,104.5,33.0
1445,405,136,114.0,14.0,107.0,33.5
1446,540,272,114.0,14.0,104.5,35.5
1447,324,612,114.0,14.0,108.5,40.5
1448,108,272,114.0,14.0,112.5,35.5
1449,297,272,114.0,14.0,109.0,35.5
1450,243,68,114.0,14.0,110.0,32.5
1451,648,442,114.0,14.0,102.5,38.0
1452,432,442,114.0,14.0,106.5,38.0
1453,108,646,114.0,14.0,112.5,41.0
1454,567,612,114.0,14.0,104.0,40.5
1455,54,476,114.0,14.0,113.5,38.5
1456,81,136,113.0,15.0,113.0,33.5
1457,540,102,113.0,15.0,104.5,33.0
1458,594,442,113.0,15.0,103.5,38.0
1459,81,306,113.0,15.0,113.0,36.0
1460,540,238,113.0,15.0,104.5,35.0
1461,594,578,113.0,15.0,103.5,40.0
1462,81,476,113.0,15.0,113.0,38.5
1463,216,102,113.0,15.0,110.5,33.0
1464,351,68,113.0,15.0,108.0,32.5
1465,405,408,113.0,15.0,107.0,37.5
1466,270,544,113.0,15.0,109.5,39.5
1467,351,204,113.0,15.0,108.0,34.5
1468,216,340,113.0,15.0,110.5,36.5
1469,405,578,113.0,15.0,107.0,40.0
1470,108,646,113.0,15.0,112.5,41.0
1471,81,136,112.0,15.0,113.0,33.5
1472,540,102,112.0,15.0,104.5,33.0
1473,594,442,112.0,15.0,103.5,38.0
1474,81,306,112.0,15.0,113.0,36.0
1475,540,238,112.0,15.0,104.5,35.0
1476,594,578,112.0,15.0,103.5,40.0
1477,81,476,112.0,15.0,113.0,38.5
1478,216,102,112.0,15.0,110.5,33.0
1479,351,68,112.0,15.0,108.0,32.5
1480,405,408,112.0,15.0,107.0,37.5
1481,270,544,112.0,15.0,109.5,39.5
1482,351,204,112.0,15.0,108.0,34.5
1483,216,340,112.0,15.0,110.5,36.5
1484,405,578,112.0,15.0,107.0,40.0
1485,108,646,112.0,15.0,112.5,41.0
1486,81,136,111.0,15.0,113.0,33.5
1487,540,102,111.0,15.0,104.5,33.0
1488,594,442,111.0,15.0,103.5,38.0
1489,81,306,111.0,15.0,113.0,36.0
1490,540,238,111.0,15.0,104.5,35.0
1491,594,578,111.0,15.0,103.5,40.0
1492,81,476,111.0,15.0,113.0,38.5
1493,216,102,111.0,15.0,110.5,33.0
1494,351,68,111.0,15.0,108.0,32.5
1495,405,408,111.0,15.0,107.0,37.5
1496,270,544,111.0,15.0,109.5,39.5
1497,351,204,111.0,15.0,108.0,34.5
1498,216,340,111.0,15.0,110.5,36.5
1499,405,578,111.0,15.0,107.0,40.0
1500,108,646,111.0,15.0,112.5,41.0
1501,81,136,110.0,15.0,113.0,33.5
1502,540,102,110.0,15.0,104.5,33.0
1503,594,442,110.0,15.0,103.5,38.0
1504,81,306,110.0,15.0,113.0,36.0
1505,540,238,110.0,15.0,104.5,35.0
1506,594,578,110.0,15.0,103.5,40.0
1507,81,476,110.0,15.0,113.0,38.5
1508,216,102,110.0,15.0,110.5,33.0
1509,351,68,110.0,15.0,108.0,32.5
1510,405,408,110.0,15.0,107.0,37.5
1511,270,544,110.0,15.0,109.5,39.5
1512,351,204,110.0,15.0,108.0,34.5
1513,216,340,110.0,15.0,110.5,36.5
1514,405,578,110.0,15.0,107.0,40.0
1515,108,646,110.0,15.0,112.5,41.0
1516,81,136,109.0,15.0,113.0,33.5
1517,540,102,109.0,15.0,104.5,33.0
1518,594,442,109.0,15.0,103.5,38.0
1519,81,306,109.0,15.0,113.0,36.0
1520,540,238,109.0,15.0,104.5,35.0
1521,594,578,109.0,15.0,103.5,40.0
1522,81,476,109.0,15.0,113.0,38.5
1523,216,102,109.0,15.0,110.5,33.0
1524,351,68,109.0,15.0,108.0,32.5
1525,405,408,109.0,15.0,107.0,37.5
1526,270,544,109.0,15.0,109.5,39.5
1527,351,204,109.0,15.0,108.0,34.5
1528,216,340,109.0,15.0,110.5,36.5
1529,405,578,109.0,15.0,107.0,40.0
1530,108,646,109.0,15.0,112.5,41.0
1531,81,136,108.0,15.0,113.0,33.5
1532,540,102,108.0,15.0,104.5,33.0
1533,594,442,108.0,15.0,103.5,38.0
1534,81,306,108.0,15.0,113.0,36.0
1535,540,238,108.0,15.0,104.5,35.0
1536,594,578,108.0,15.0,103.5,40.0
1537,81,476,108.0,15.0,113.0,38.5
1538,216,102,108.0,15.0,110.5,33.0
1539,351,68,108.0,15.0,108.0,32.5
1540,405,408,108.0,15.0,107.0,37.5
1541,270,544,108.0,15.0,109.5,39.5
1542,351,204,108.0,15.0,108.0,34.5
1543,216,340,108.0,15.0,110.5,36.5
1544,405,578,108.0,15.0,107.0,40.0
1545,108,646,108.0,15.0,112.5,41.0
1546,594,306,107.0,16.0,103.5,36.0
1547,81,136,107.0,16.0,113.0,33.5
1548,540,102,107.0,16.0,104.5,33.0
1549,81,306,107.0,16.0,113.0,36.0
1550,270,306,107.0,16.0,109.5,36.0
1551,405,272,107.0,16.0,107.0,35.5
1552,216,102,107.0,16.0,110.5,33.0
1553,351,68,107.0,16.0,108.0,32.5
1554,486,476,107.0,16.0,105.5,38.5
1555,486,646,107.0,16.0,105.5,41.0
1556,108,476,107.0,16.0,112.5,38.5
1557,297,476,107.0,16.0,109.0,38.5
1558,108,646,107.0,16.0,112.5,41.0
1559,297,646,107.0,16.0,109.0,41.0
1560,675,510,107.0,16.0,102.0,39.0
1561,675,646,107.0,16.0,102.0,41.0
1562,594,306,106.0,16.0,103.5,36.0
1563,81,136,106.0,16.0,113.0,33.5
1564,540,102,106.0,16.0,104.5,33.0
1565,81,306,106.0,16.0,113.0,36.0
1566,270,306,106.0,16.0,109.5,36.0
1567,405,272,106.0,16.0,107.0,35.5
1568,216,102,106.0,16.0,110.5,33.0
1569,351,68,106.0,16.0,108.0,32.5
1570,486,476,106.0,16.0,105.5,38.5
1571,486,646,106.0,16.0,105.5,41.0
1572,108,476,106.0,16.0,112.5,38.5
1573,297,476,106.0,16.0,109.0,38.5
1574,108,646,106.0,16.0,112.5,41.0
1575,297,646,106.0,16.0,109.0,41.0
1576,675,510,106.0,16.0,102.0,39.0
1577,675,646,106.0,16.0,102.0,41.0
1578,378,578,105.0,20.0,107.5,40.0
1579,459,408,105.0,20.0,106.0,37.5
1580,81,272,105.0,20.0,113.0,35.5
1581,216,34,105.0,20.0,110.5,32.0
1582,270,340,105.0,20.0,109.5,36.5
1583,81,544,105.0,20.0,113.0,39.5
1584,270,442,105.0,20.0,109.5,38.0
1585,351,68,105.0,20.0,108.0,32.5
1586,486,102,105.0,20.0,105.5,33.0
1587,216,204,105.0,20.0,110.5,34.5
1588,621,442,105.0,20.0,103.0,38.0
1589,54,102,105.0,20.0,113.5,33.0
1590,567,272,105.0,20.0,104.0,35.5
1591,621,612,105.0,20.0,103.0,40.5
1592,108,408,105.0,20.0,112.5,37.5
1593,378,238,105.0,20.0,107.5,35.0
1594,108,680,105.0,20.0,112.5,41.5
1595,594,102,105.0,20.0,103.5,33.0
1596,243,578,105.0,20.0,110.0,40.0
1597,513,578,105.0,20.0,105.0,40.0
1598,378,578,104.0,20.0,107.5,40.0
1599,459,408,104.0,20.0,106.0,37.5
1600,81,272,104.0,20.0,113.0,35.5
1601,216,34,104.0,20.0,110.5,32.0
1602,270,340,104.0,20.0,109.5,36.5
1603,81,544,104.0,20.0,113.0,39.5
1604,270,442,104.0,20.0,109.5,38.0
1605,351,68,104.0,20.0,108.0,32.5
1606,486,102,104.0,20.0,105.5,33.0
1607,216,204,104.0,20.0,110.5,34.5
1608,621,442,104.0,20.0,103.0,38.0
1609,54,102,104.0,20.0,113.5,33.0
1610,567,272,104.0,20.0,104.0,35.5
1611,621,612,104.0,20.0,103.0,40.5
1612,108,408,104.0,20.0,112.5,37.5
1613,378,238,104.0,20.0,107.5,35.0
1614,108,680,104.0,20.0,112.5,41.5
1615,594,102,104.0,20.0,103.5,33.0
1616,243,578,104.0,20.0,110.0,40.0
1617,513,578,104.0,20.0,105.0,40.0
1618,378,578,103.0,20.0,107.5,40.0
1619,459,408,103.0,20.0,106.0,37.5
1620,81,272,103.0,20.0,113.0,35.5
1621,216,34,103.0,20.0,110.5,32.0
1622,270,340,103.0,20.0,109.5,36.5
1623,81,544,103.0,20.0,113.0,39.5
1624,270,442,103.0,20.0,109.5,38.0
1625,351,68,103.0,20.0,108.0,32.5
1626,486,102,103.0,20.0,105.5,33.0
1627,216,204,103.0,20.0,110.5,34.5
1628,621,442,103.0,20.0,103.0,38.0
1629,54,102,103.0,20.0,113.5,33.0
1630,567,272,103.0,20.0,104.0,35.5
1631,621,612,103.0,20.0,103.0,40.5
1632,108,408,103.0,20.0,112.5,37.5
1633,378,238,103.0,20.0,107.5,35.0
1634,108,680,103.0,20.0,112.5,41.5
1635,594,102,103.0,20.0,103.5,33.0
1636,243,578,103.0,20.0,110.0,40.0
1637,513,578,103.0,20.0,105.0,40.0
1638,378,578,102.0,20.0,107.5,40.0
1639,459,408,102.0,20.0,106.0,37.5
1640,81,272,102.0,20.0,113.0,35.5
1641,216,34,102.0,20.0,110.5,32.0
1642,270,340,102.0,20.0,109.5,36.5
1643,81,544,102.0,20.0,113.0,39.5
1644,270,442,102.0,20.0,109.5,38.0
1645,351,68,102.0,20.0,108.0,32.5
1646,486,102,102.0,20.0,105.5,33.0
1647,216,204,102.0,20.0,110.5,34.5
1648,621,442,102.0,20.0,103.0,38.0
1649,54,102,102.0,20.0,113.5,33.0
1650,567,272,102.0,20.0,104.0,35.5
1651,621,612,102.0,20.0,103.0,40.5
1652,108,408,102.0,20.0,112.5,37.5
1653,378,238,102.0,20.0,107.5,35.0
1654,108,680,102.0,20.0,112.5,41.5
1655,594,102,102.0,20.0,103.5,33.0
1656,243,578,102.0,20.0,110.0,40.0
1657,513,578,102.0,20.0,105.0,40.0
1658,243,646,101.0,20.0,110.0,41.0
1659,81,102,101.0,20.0,113.0,33.0
1660,594,340,101.0,20.0,103.5,36.5
1661,405,102,101.0,20.0,107.0,33.0
1662,459,476,101.0,20.0,106.0,38.5
1663,540,204,101.0,20.0,104.5,34.5
1664,594,612,101.0,20.0,103.5,40.5
1665,81,408,101.0,20.0,113.0,37.5
1666,405,340,101.0,20.0,107.0,36.5
1667,270,476,101.0,20.0,109.5,38.5
1668,81,680,101.0,20.0,113.0,41.5
1669,216,340,101.0,20.0,110.5,36.5
1670,405,612,101.0,20.0,107.0,40.5
1671,567,68,101.0,20.0,104.0,32.5
1672,621,476,101.0,20.0,103.0,38.5
1673,243,34,101.0,20.0,110.0,32.0
1674,54,238,101.0,20.0,113.5,35.0
1675,108,544,101.0,20.0,112.5,39.5
1676,243,204,101.0,20.0,110.0,34.5
1677,378,272,101.0,20.0,107.5,35.5
1678,243,646,100.0,20.0,110.0,41.0
1679,81,102,100.0,20.0,113.0,33.0
1680,594,340,100.0,20.0,103.5,36.5
1681,405,102,100.0,20.0,107.0,33.0
1682,459,476,100.0,20.0,106.0,38.5
1683,540,204,100.0,20.0,104.5,34.5
1684,594,612,100.0,20.0,103.5,40.5
1685,81,408,100.0,20.0,113.0,37.5
1686,405,340,100.0,20.0,107.0,36.5
1687,270,476,100.0,20.0,109.5,38.5
1688,81,680,100.0,20.0,113.0,41.5
1689,216,340,100.0,20.0,110.5,36.5
1690,405,612,100.0,20.0,107.0,40.5
1691,567,68,100.0,20.0,104.0,32.5
1692,621,476,100.0,20.0,103.0,38.5
1693,243,34,100.0,20.0,110.0,32.0
1694,54,238,100.0,20.0,113.5,35.0
1695,108,544,100.0,20.0,112.5,39.5
1696,243,204,100.0,20.0,110.0,34.5
1697,378,272,100.0,20.0,107.5,35.5
